<databaseChangeLog
        xmlns="http://www.liquibase.org/xml/ns/dbchangelog/1.9"
        xmlns:xsi="http://www.w3.org/2001/XMLSchema-instance"
        xsi:schemaLocation="http://www.liquibase.org/xml/ns/dbchangelog/1.9
                      http://www.liquibase.org/xml/ns/dbchangelog/dbchangelog-1.9.xsd">
    <changeSet author="laxika" id="20180313-1">
        <createTable tableName="metadata">
            <column name="id" type="bigint unsigned" autoIncrement="true">
                <constraints nullable="false" primaryKey="true"/>
            </column>
            <column name="user_id" type="bigint unsigned">
                <constraints nullable="false"/>
            </column>
            <column name="name" type="varchar(128)">
                <constraints nullable="false"/>
            </column>
            <column name="value" type="bigint">
                <constraints nullable="false"/>
            </column>
        </createTable>
    </changeSet>
</databaseChangeLog>