<databaseChangeLog
        xmlns="http://www.liquibase.org/xml/ns/dbchangelog"
        xmlns:xsi="http://www.w3.org/2001/XMLSchema-instance"
        xsi:schemaLocation="http://www.liquibase.org/xml/ns/dbchangelog
         http://www.liquibase.org/xml/ns/dbchangelog/dbchangelog-3.1.xsd">
    <changeSet author="laxika" id="verification-20180416-1">
        <createTable tableName="email_change_verification">
            <column name="id" type="varchar(36)">
                <constraints nullable="false" primaryKey="true"/>
            </column>
            <column name="email" type="varchar(256)">
                <constraints nullable="false" unique="true"/>
            </column>
        </createTable>
    </changeSet>
</databaseChangeLog>