<databaseChangeLog
        xmlns="http://www.liquibase.org/xml/ns/dbchangelog/1.9"
        xmlns:xsi="http://www.w3.org/2001/XMLSchema-instance"
        xsi:schemaLocation="http://www.liquibase.org/xml/ns/dbchangelog/1.9
                      http://www.liquibase.org/xml/ns/dbchangelog/dbchangelog-1.9.xsd">
    <changeSet author="laxika" id="20180107-1">
        <createTable tableName="verification">
            <column name="user_id" type="int unsigned">
                <constraints nullable="false" unique="true"/>
            </column>
            <column name="verification_id" type="int unsigned">
                <constraints nullable="false" primaryKey="true"/>
            </column>
        </createTable>
    </changeSet>
</databaseChangeLog>