<databaseChangeLog
        xmlns="http://www.liquibase.org/xml/ns/dbchangelog/1.9"
        xmlns:xsi="http://www.w3.org/2001/XMLSchema-instance"
        xsi:schemaLocation="http://www.liquibase.org/xml/ns/dbchangelog/1.9
                      http://www.liquibase.org/xml/ns/dbchangelog/dbchangelog-1.9.xsd">
    <changeSet author="laxika" id="20180317-1">
        <createTable tableName="payment">
            <column name="id" type="varchar(36)">
                <constraints nullable="false" primaryKey="true"/>
            </column>
            <column name="user_id" type="bigint unsigned">
                <constraints nullable="false"/>
            </column>
            <column name="price" type="decimal(30,3) unsigned">
                <constraints nullable="false"/>
            </column>
            <column name="currency" type="varchar(3)">
                <constraints nullable="false"/>
            </column>
            <column name="status" type="varchar(32)">
                <constraints nullable="false"/>
            </column>
            <column name="locale" type="varchar(32)">
                <constraints nullable="false"/>
            </column>
            <column name="provider" type="varchar(32)">
                <constraints nullable="false"/>
            </column>
        </createTable>
        <createTable tableName="payment_items">
            <column name="id" type="bigint unsigned" autoIncrement="true">
                <constraints nullable="false" primaryKey="true"/>
            </column>
            <column name="payment_id" type="varchar(36)">
                <constraints nullable="false"/>
            </column>
            <column name="name" type="varchar(128)">
                <constraints nullable="false"/>
            </column>
            <column name="description" type="varchar(128)">
                <constraints nullable="false"/>
            </column>
            <column name="quantity" type="bigint unsigned">
                <constraints nullable="false"/>
            </column>
            <column name="unit" type="varchar(16)">
                <constraints nullable="false"/>
            </column>
            <column name="unit_price" type="decimal(30,3) unsigned">
                <constraints nullable="false"/>
            </column>
            <column name="price" type="decimal(30,3) unsigned">
                <constraints nullable="false"/>
            </column>
        </createTable>
    </changeSet>
</databaseChangeLog>