<databaseChangeLog
        xmlns="http://www.liquibase.org/xml/ns/dbchangelog/1.9"
        xmlns:xsi="http://www.w3.org/2001/XMLSchema-instance"
        xsi:schemaLocation="http://www.liquibase.org/xml/ns/dbchangelog/1.9
                      http://www.liquibase.org/xml/ns/dbchangelog/dbchangelog-1.9.xsd">
    <changeSet author="laxika" id="20180205-1">
        <createTable tableName="role">
            <column name="user_id" type="int unsigned">
                <constraints nullable="false" primaryKey="true"/>
            </column>
            <column name="role_id" type="varchar(128)">
                <constraints nullable="false" primaryKey="true"/>
            </column>
        </createTable>
    </changeSet>
</databaseChangeLog>