<databaseChangeLog
        xmlns="http://www.liquibase.org/xml/ns/dbchangelog/1.9"
        xmlns:xsi="http://www.w3.org/2001/XMLSchema-instance"
        xsi:schemaLocation="http://www.liquibase.org/xml/ns/dbchangelog/1.9
                      http://www.liquibase.org/xml/ns/dbchangelog/dbchangelog-1.9.xsd">
    <changeSet author="laxika" id="20180122-1">
        <createTable tableName="user">
            <column name="id" type="int unsigned" autoIncrement="true">
                <constraints nullable="false" primaryKey="true"/>
            </column>
            <column name="username" type="varchar(32)">
                <constraints nullable="false" unique="true"/>
            </column>
            <column name="password" type="varchar(32)">
                <constraints nullable="false"/>
            </column>
            <column name="email" type="varchar(256)">
                <constraints nullable="false" unique="true"/>
            </column>
        </createTable>
    </changeSet>
</databaseChangeLog>