<databaseChangeLog
        xmlns="http://www.liquibase.org/xml/ns/dbchangelog/1.9"
        xmlns:xsi="http://www.w3.org/2001/XMLSchema-instance"
        xsi:schemaLocation="http://www.liquibase.org/xml/ns/dbchangelog/1.9
                      http://www.liquibase.org/xml/ns/dbchangelog/dbchangelog-1.9.xsd">
    <changeSet author="laxika" id="kongregate-login-20180625-1">
        <createTable tableName="kongregate_user_map">
            <column name="user_id" type="int unsigned">
                <constraints nullable="false"/>
            </column>
            <column name="kongregate_user_id" type="int unsigned">
                <constraints nullable="false"/>
            </column>
        </createTable>
    </changeSet>
</databaseChangeLog>