<databaseChangeLog
        xmlns="http://www.liquibase.org/xml/ns/dbchangelog/1.9"
        xmlns:xsi="http://www.w3.org/2001/XMLSchema-instance"
        xsi:schemaLocation="http://www.liquibase.org/xml/ns/dbchangelog/1.9
                      http://www.liquibase.org/xml/ns/dbchangelog/dbchangelog-1.9.xsd">
    <changeSet author="laxika" id="news-20180621-1">
        <createTable tableName="news">
            <column name="id" type="int unsigned" autoIncrement="true">
                <constraints nullable="false" primaryKey="true"/>
            </column>
            <column name="type" type="varchar(64)">
                <constraints nullable="false"/>
            </column>
            <column name="title" type="varchar(256)">
                <constraints nullable="false"/>
            </column>
            <column name="content" type="varchar(8194)">
                <constraints nullable="false"/>
            </column>
            <column name="post_date" type="date">
                <constraints nullable="false"/>
            </column>
        </createTable>
    </changeSet>
</databaseChangeLog>